contrast,thisN,thisTrialN,thisRepN,response.keys,response.rt,response.duration,trials.thisRepN,trials.thisTrialN,trials.thisN,trials.thisIndex,thisRow.t,notes,begin_experiment.started,begin_experiment.stopped,trial.started,grating.started,grating.stopped,response.started,polygon.started,trial.stopped,trials.response.keys,trials.response.rt,trials.response.duration,participant,session,date,expName,psychopyVersion,frameRate,expStart,
,,,,,,,,,,,,,0.010560124996118248,1.8265659579774365,,,,,,,,,,demo,001,2025-01-16_21h16.39.043,method_of_constant_stimuli,2024.2.4,None,2025-01-16 21h16.45.421908 -0500,
0.9,0,0,0,up,0.426799500011839,None,0,0,0,6,1.838759874983225,,,,1.8321837079711258,1.952110750018619,2.4415646250126883,2.57067454099888,2.57067454099888,3.0062325000180863,up,0.426799500011839,None,demo,001,2025-01-16_21h16.39.043,method_of_constant_stimuli,2024.2.4,None,2025-01-16 21h16.45.421908 -0500,
0.0,1,1,0,down,1.3358038750011474,None,0,1,1,0,3.0142576249781996,,,,3.0078522079857066,3.170985708013177,3.658737707999535,3.7545760829816572,3.7545760829816572,5.09491133299889,down,1.3358038750011474,None,demo,001,2025-01-16_21h16.39.043,method_of_constant_stimuli,2024.2.4,None,2025-01-16 21h16.45.421908 -0500,
0.0001,2,2,0,down,0.3951926250010729,None,0,2,2,2,5.104024000000209,,,,5.095703875005711,5.210241666005459,5.704421499976888,5.839322458021343,5.839322458021343,6.239554958010558,down,0.3951926250010729,None,demo,001,2025-01-16_21h16.39.043,method_of_constant_stimuli,2024.2.4,None,2025-01-16 21h16.45.421908 -0500,
0.001,3,3,0,down,0.6551267500035465,None,0,3,3,3,6.247833458008245,,,,6.241041957982816,6.3884137499844655,6.888151958002709,6.988270499976352,6.988270499976352,7.654816332971677,down,0.6551267500035465,None,demo,001,2025-01-16_21h16.39.043,method_of_constant_stimuli,2024.2.4,None,2025-01-16 21h16.45.421908 -0500,
0.01,4,4,0,up,0.34925525001017377,None,0,4,4,4,7.660323041025549,,,,7.655449750018306,7.753958125016652,8.241421791026369,8.392134291003458,8.392134291003458,8.742918582982384,up,0.34925525001017377,None,demo,001,2025-01-16_21h16.39.043,method_of_constant_stimuli,2024.2.4,None,2025-01-16 21h16.45.421908 -0500,
0.1,5,5,0,up,0.6848070829873905,None,0,5,5,5,8.75405624997802,,,,8.743606999982148,8.877642582985573,9.375188541016541,9.494711916020606,9.494711916020606,10.189801916014403,up,0.6848070829873905,None,demo,001,2025-01-16_21h16.39.043,method_of_constant_stimuli,2024.2.4,None,2025-01-16 21h16.45.421908 -0500,
1e-05,6,6,0,up,1.4074052500072867,None,0,6,6,1,10.196451290976256,,,,10.19106716598617,10.337646000029054,10.826362415973563,10.937935499998275,10.937935499998275,12.356198500026949,up,1.4074052500072867,None,demo,001,2025-01-16_21h16.39.043,method_of_constant_stimuli,2024.2.4,None,2025-01-16 21h16.45.421908 -0500,
0.01,7,0,1,up,0.4260677919955924,None,1,0,7,4,12.363207500020508,,,,12.35776929097483,12.537344916025177,13.025441624980886,13.10422420798568,13.10422420798568,13.539789790986106,up,0.4260677919955924,None,demo,001,2025-01-16_21h16.39.043,method_of_constant_stimuli,2024.2.4,None,2025-01-16 21h16.45.421908 -0500,
0.0,8,1,1,up,1.023968833964318,None,1,1,8,0,13.546958125021774,,,,13.541216415993404,13.703906457987614,14.191688165999949,14.29435633297544,14.29435633297544,15.322599416016601,up,1.023968833964318,None,demo,001,2025-01-16_21h16.39.043,method_of_constant_stimuli,2024.2.4,None,2025-01-16 21h16.45.421908 -0500,
0.0001,9,2,1,down,0.44322179100709036,None,1,2,9,2,15.329123541014269,,,,15.323097707994748,15.48764929099707,15.973886375024449,16.071091790974606,16.071091790974606,16.52349954098463,down,0.44322179100709036,None,demo,001,2025-01-16_21h16.39.043,method_of_constant_stimuli,2024.2.4,None,2025-01-16 21h16.45.421908 -0500,
0.1,10,3,1,up,0.4716081250226125,None,1,3,10,5,16.531815040973015,,,,16.52509320800891,16.627161958022043,17.12487829098245,17.27058729098644,17.27058729098644,17.742979415983427,up,0.4716081250226125,None,demo,001,2025-01-16_21h16.39.043,method_of_constant_stimuli,2024.2.4,None,2025-01-16 21h16.45.421908 -0500,
0.001,11,4,1,up,0.5199419580167159,None,1,4,11,3,17.753898125025444,,,,17.743689458002336,17.903837124991696,18.394266040995717,18.49028145801276,18.49028145801276,19.02366762497695,up,0.5199419580167159,None,demo,001,2025-01-16_21h16.39.043,method_of_constant_stimuli,2024.2.4,None,2025-01-16 21h16.45.421908 -0500,
0.9,12,5,1,up,0.3581841249833815,None,1,5,12,6,19.030087666003965,,,,19.024677916022483,19.126255833019968,19.62539891601773,19.770913875021506,19.770913875021506,20.13993720797589,up,0.3581841249833815,None,demo,001,2025-01-16_21h16.39.043,method_of_constant_stimuli,2024.2.4,None,2025-01-16 21h16.45.421908 -0500,
1e-05,13,6,1,down,0.5233780000125989,None,1,6,13,1,20.154304500028957,,,,20.140705332974903,20.28798216598807,20.773746500024572,20.887748999986798,20.887748999986798,21.423110375006218,down,0.5233780000125989,None,demo,001,2025-01-16_21h16.39.043,method_of_constant_stimuli,2024.2.4,None,2025-01-16 21h16.45.421908 -0500,
0.0001,14,0,2,down,1.007296999974642,None,2,0,14,2,21.42924645799212,,,,21.42374712502351,21.527357915998437,22.038084083003923,22.170779999985825,22.170779999985825,23.191729000012856,down,1.007296999974642,None,demo,001,2025-01-16_21h16.39.043,method_of_constant_stimuli,2024.2.4,None,2025-01-16 21h16.45.421908 -0500,
0.01,15,1,2,up,0.3193464999785647,None,2,1,15,4,23.19918295799289,,,,23.193011249997653,23.32056179101346,23.809000666020438,23.937688165984582,23.937688165984582,24.259620958007872,up,0.3193464999785647,None,demo,001,2025-01-16_21h16.39.043,method_of_constant_stimuli,2024.2.4,None,2025-01-16 21h16.45.421908 -0500,
1e-05,16,2,2,up,0.845885208051186,None,2,2,16,1,24.270644665986765,,,,24.260352416022215,24.40718683297746,24.90414487500675,25.010125958011486,25.010125958011486,25.85922079102602,up,0.845885208051186,None,demo,001,2025-01-16_21h16.39.043,method_of_constant_stimuli,2024.2.4,None,2025-01-16 21h16.45.421908 -0500,
0.0,17,3,2,up,0.6628757079597563,None,2,3,17,0,25.87056270800531,,,,25.859999749984127,25.987766499980353,26.477126249985304,26.604200583009515,26.604200583009515,27.272541582991835,up,0.6628757079597563,None,demo,001,2025-01-16_21h16.39.043,method_of_constant_stimuli,2024.2.4,None,2025-01-16 21h16.45.421908 -0500,
0.001,18,4,2,down,0.4648354999953881,None,2,4,18,3,27.27882133302046,,,,27.27364116598619,27.40401599998586,27.89189600001555,28.021148708008695,28.021148708008695,28.48804637498688,down,0.4648354999953881,None,demo,001,2025-01-16_21h16.39.043,method_of_constant_stimuli,2024.2.4,None,2025-01-16 21h16.45.421908 -0500,
0.1,19,5,2,up,0.49300387501716614,None,2,5,19,5,28.493471916008275,,,,28.48873254097998,28.604685832979158,29.09186454099836,29.225047458021436,29.225047458021436,29.722529291000683,up,0.49300387501716614,None,demo,001,2025-01-16_21h16.39.043,method_of_constant_stimuli,2024.2.4,None,2025-01-16 21h16.45.421908 -0500,
0.9,20,6,2,up,0.30451750004431233,None,2,6,20,6,29.72819812502712,,,,29.72306462499546,29.88785945798736,30.375582916021813,30.471320124983322,30.471320124983322,30.79079262498999,up,0.30451750004431233,None,demo,001,2025-01-16_21h16.39.043,method_of_constant_stimuli,2024.2.4,None,2025-01-16 21h16.45.421908 -0500,
0.0001,21,0,3,down,0.40303270803997293,None,3,0,21,2,30.797220707987435,,,,30.79152366600465,30.960691915999632,31.457953999983147,31.537801207974553,31.537801207974553,31.94328729098197,down,0.40303270803997293,None,demo,001,2025-01-16_21h16.39.043,method_of_constant_stimuli,2024.2.4,None,2025-01-16 21h16.45.421908 -0500,
1e-05,22,1,3,up,0.32605966698611155,None,3,1,22,1,31.953839000023436,,,,31.944053290993907,32.07643374998588,32.575176000013016,32.68780537502607,32.68780537502607,33.0214493329986,up,0.32605966698611155,None,demo,001,2025-01-16_21h16.39.043,method_of_constant_stimuli,2024.2.4,None,2025-01-16 21h16.45.421908 -0500,
0.001,23,2,3,down,0.7925144580076449,None,3,2,23,3,33.026622875011526,,,,33.02206158300396,33.1546270410181,33.641675457998645,33.75929991598241,33.75929991598241,34.559263332979754,down,0.7925144580076449,None,demo,001,2025-01-16_21h16.39.043,method_of_constant_stimuli,2024.2.4,None,2025-01-16 21h16.45.421908 -0500,
0.0,24,3,3,down,1.0176179579575546,None,3,3,24,0,34.57090454100398,,,,34.55994254100369,34.737708874978125,35.226682832988445,35.32206450001104,35.32206450001104,36.35923316597473,down,1.0176179579575546,None,demo,001,2025-01-16_21h16.39.043,method_of_constant_stimuli,2024.2.4,None,2025-01-16 21h16.45.421908 -0500,
0.9,25,4,3,up,0.613892332999967,None,3,4,25,6,36.37088775000302,,,,36.3599825000274,36.491687958012335,36.98713345802389,37.10879458300769,37.10879458300769,37.726906207972206,up,0.613892332999967,None,demo,001,2025-01-16_21h16.39.043,method_of_constant_stimuli,2024.2.4,None,2025-01-16 21h16.45.421908 -0500,
0.1,26,5,3,up,0.6868331249570474,None,3,5,26,5,37.73731320799561,,,,37.727464040974155,37.85953766602324,38.35832787497202,38.47082379099447,38.47082379099447,39.17246187501587,up,0.6868331249570474,None,demo,001,2025-01-16_21h16.39.043,method_of_constant_stimuli,2024.2.4,None,2025-01-16 21h16.45.421908 -0500,
0.01,27,6,3,up,0.33917374996235594,None,3,6,27,4,39.17947625002125,,,,39.1739207499777,39.32117283297703,39.82127545797266,39.92147975001717,39.92147975001717,40.271470041014254,up,0.33917374996235594,None,demo,001,2025-01-16_21h16.39.043,method_of_constant_stimuli,2024.2.4,None,2025-01-16 21h16.45.421908 -0500,
0.001,28,0,4,up,0.5756536250119098,None,4,0,28,3,40.277421750011854,,,,40.272056540998165,40.42115833301796,40.90621512499638,41.00909941602731,41.00909941602731,41.59208116598893,up,0.5756536250119098,None,demo,001,2025-01-16_21h16.39.043,method_of_constant_stimuli,2024.2.4,None,2025-01-16 21h16.45.421908 -0500,
0.1,29,1,4,up,0.3969500410021283,None,4,1,29,5,41.599773375026416,,,,41.59384379099356,41.72120308299782,42.208878291014116,42.35475033300463,42.35475033300463,42.756495249981526,up,0.3969500410021283,None,demo,001,2025-01-16_21h16.39.043,method_of_constant_stimuli,2024.2.4,None,2025-01-16 21h16.45.421908 -0500,
0.01,30,2,4,up,0.5158102920395322,None,4,2,30,4,42.763948249979876,,,,42.758039041014854,42.877041916013695,43.37693666602718,43.504744999983814,43.504744999983814,44.023527375014964,up,0.5158102920395322,None,demo,001,2025-01-16_21h16.39.043,method_of_constant_stimuli,2024.2.4,None,2025-01-16 21h16.45.421908 -0500,
0.0001,31,3,4,up,0.4690762500395067,None,4,3,31,2,44.031411416013725,,,,44.02503966598306,44.126838458003476,44.624994957994204,44.77145741600543,44.77145741600543,45.24580049997894,up,0.4690762500395067,None,demo,001,2025-01-16_21h16.39.043,method_of_constant_stimuli,2024.2.4,None,2025-01-16 21h16.45.421908 -0500,
0.9,32,4,4,up,0.6507815410150215,None,4,4,32,6,45.253736832994036,,,,45.24694341601571,45.42095454101218,45.91059441602556,45.99477804097114,45.99477804097114,46.65630433300976,up,0.6507815410150215,None,demo,001,2025-01-16_21h16.39.043,method_of_constant_stimuli,2024.2.4,None,2025-01-16 21h16.45.421908 -0500,
0.0,33,5,4,up,2.2494566250243224,None,4,5,33,0,46.6640199579997,,,,46.65783108299365,46.82673387497198,47.32515229098499,47.40397591597866,47.40397591597866,49.656497874995694,up,2.2494566250243224,None,demo,001,2025-01-16_21h16.39.043,method_of_constant_stimuli,2024.2.4,None,2025-01-16 21h16.45.421908 -0500,
1e-05,34,6,4,down,0.41565808397717774,None,4,6,34,1,49.66475270799128,,,,49.657852832984645,49.77049516601255,50.26081712497398,50.40473687497433,50.40473687497433,50.82231362501625,down,0.41565808397717774,None,demo,001,2025-01-16_21h16.39.043,method_of_constant_stimuli,2024.2.4,None,2025-01-16 21h16.45.421908 -0500,
0.1,35,0,5,up,0.40852916694711894,None,5,0,35,5,50.82803341600811,,,,50.82291416602675,50.92428249999648,51.420678165974095,51.55895354098175,51.55895354098175,51.975865665997844,up,0.40852916694711894,None,demo,001,2025-01-16_21h16.39.043,method_of_constant_stimuli,2024.2.4,None,2025-01-16 21h16.45.421908 -0500,
0.9,36,1,5,up,0.5494804580230266,None,5,1,36,6,51.98754512501182,,,,51.9766604580218,52.07402204099344,52.570594165998045,52.737877124978695,52.737877124978695,53.29152254102519,up,0.5494804580230266,None,demo,001,2025-01-16_21h16.39.043,method_of_constant_stimuli,2024.2.4,None,2025-01-16 21h16.45.421908 -0500,
0.01,37,2,5,up,0.3076060840394348,None,5,2,37,4,53.29866420797771,,,,53.292728499975055,53.459957458020654,53.95861216599587,54.037717290979344,54.037717290979344,54.35477004101267,up,0.3076060840394348,None,demo,001,2025-01-16_21h16.39.043,method_of_constant_stimuli,2024.2.4,None,2025-01-16 21h16.45.421908 -0500,
0.0001,38,3,5,up,0.5441675420152023,None,5,3,38,2,54.36039770802017,,,,54.3554395409883,54.488202665990684,54.973243582993746,55.09314650000306,55.09314650000306,55.639609750011005,up,0.5441675420152023,None,demo,001,2025-01-16_21h16.39.043,method_of_constant_stimuli,2024.2.4,None,2025-01-16 21h16.45.421908 -0500,
0.0,39,4,5,down,0.7551475000218488,None,5,4,39,0,55.648284125025384,,,,55.64124654099578,55.754513832973316,56.24160320800729,56.392240083019715,56.392240083019715,57.15637312497711,down,0.7551475000218488,None,demo,001,2025-01-16_21h16.39.043,method_of_constant_stimuli,2024.2.4,None,2025-01-16 21h16.45.421908 -0500,
1e-05,40,5,5,down,0.5177857499802485,None,5,5,40,1,57.16455741599202,,,,57.158024707983714,57.30440879100934,57.79183175001526,57.90440875000786,57.90440875000786,58.426885541004594,down,0.5177857499802485,None,demo,001,2025-01-16_21h16.39.043,method_of_constant_stimuli,2024.2.4,None,2025-01-16 21h16.45.421908 -0500,
0.001,41,6,5,down,0.8030773749924265,None,5,6,41,3,58.43719429097837,,,,58.42782837501727,58.55463220801903,59.04186541598756,59.172084207995795,59.172084207995795,59.9772687079967,down,0.8030773749924265,None,demo,001,2025-01-16_21h16.39.043,method_of_constant_stimuli,2024.2.4,None,2025-01-16 21h16.45.421908 -0500,
0.001,42,0,6,up,0.8943152499850839,None,6,0,42,3,59.987293165992014,,,,59.97814458300127,60.15750683302758,60.662179332983214,60.720972915994935,60.720972915994935,61.623408665996976,up,0.8943152499850839,None,demo,001,2025-01-16_21h16.39.043,method_of_constant_stimuli,2024.2.4,None,2025-01-16 21h16.45.421908 -0500,
0.1,43,1,6,up,0.45731425000121817,None,6,1,43,5,61.632393207983114,,,,61.625069250003435,61.72684512502747,62.22681575000752,62.370863208023366,62.370863208023366,62.839727249986026,up,0.45731425000121817,None,demo,001,2025-01-16_21h16.39.043,method_of_constant_stimuli,2024.2.4,None,2025-01-16 21h16.45.421908 -0500,
0.9,44,2,6,up,0.1826240419759415,None,6,2,44,6,62.846205416019075,,,,62.84112787502818,62.96001062501455,63.46011370798806,63.58747841598233,63.58747841598233,63.771527000004426,up,0.1826240419759415,None,demo,001,2025-01-16_21h16.39.043,method_of_constant_stimuli,2024.2.4,None,2025-01-16 21h16.45.421908 -0500,
0.0001,45,3,6,down,0.5349098750157282,None,6,3,45,2,63.77737804100616,,,,63.7721068750252,63.93741554097505,64.42543816601392,64.50921450002352,64.50921450002352,65.05622399999993,down,0.5349098750157282,None,demo,001,2025-01-16_21h16.39.043,method_of_constant_stimuli,2024.2.4,None,2025-01-16 21h16.45.421908 -0500,
0.0,46,4,6,down,0.6657527090283111,None,6,4,46,0,65.06432983302511,,,,65.05776566598797,65.17682716599666,65.6776848330046,65.80429779097904,65.80429779097904,66.472790291009,down,0.6657527090283111,None,demo,001,2025-01-16_21h16.39.043,method_of_constant_stimuli,2024.2.4,None,2025-01-16 21h16.45.421908 -0500,
0.01,47,5,6,up,0.25401462498120964,None,6,5,47,4,66.48045625002123,,,,66.47444224997889,66.61304575001122,67.11033962498186,67.221066374972,67.221066374972,67.47790158301359,up,0.25401462498120964,None,demo,001,2025-01-16_21h16.39.043,method_of_constant_stimuli,2024.2.4,None,2025-01-16 21h16.45.421908 -0500,
1e-05,48,6,6,down,0.6229007500223815,None,6,6,48,1,67.48725841601845,,,,67.47868029098026,67.60961400001543,68.121232333011,68.22121195797808,68.22121195797808,68.8557722910191,down,0.6229007500223815,None,demo,001,2025-01-16_21h16.39.043,method_of_constant_stimuli,2024.2.4,None,2025-01-16 21h16.45.421908 -0500,
0.0,49,0,7,down,0.7694243750302121,None,7,0,49,0,68.86164974997519,,,,68.85635766602354,68.97743575001368,69.4757873750059,69.60452200000873,69.60452200000873,70.39264479099074,down,0.7694243750302121,None,demo,001,2025-01-16_21h16.39.043,method_of_constant_stimuli,2024.2.4,None,2025-01-16 21h16.45.421908 -0500,
0.001,50,1,7,down,0.48161066602915525,None,7,1,50,3,70.39943370799301,,,,70.39390895800898,70.52155766601209,71.00950674997875,71.13729129097192,71.13729129097192,71.62158625002485,down,0.48161066602915525,None,demo,001,2025-01-16_21h16.39.043,method_of_constant_stimuli,2024.2.4,None,2025-01-16 21h16.45.421908 -0500,
0.01,51,2,7,up,0.3737645829678513,None,7,2,51,4,71.62734474998433,,,,71.62226204102626,71.7576531660161,72.2571939160116,72.35720049997326,72.35720049997326,72.73809900000924,up,0.3737645829678513,None,demo,001,2025-01-16_21h16.39.043,method_of_constant_stimuli,2024.2.4,None,2025-01-16 21h16.45.421908 -0500,
0.9,52,3,7,up,0.4027041250374168,None,7,3,52,6,72.74347466602921,,,,72.73868700000457,72.88835829100572,73.37702954100678,73.47527129098307,73.47527129098307,73.89080925000599,up,0.4027041250374168,None,demo,001,2025-01-16_21h16.39.043,method_of_constant_stimuli,2024.2.4,None,2025-01-16 21h16.45.421908 -0500,
0.1,53,4,7,up,0.5069204169558361,None,7,4,53,5,73.90412766602822,,,,73.89215000002878,74.02090875001159,74.50620991602773,74.63796241598902,74.63796241598902,75.15839941601735,up,0.5069204169558361,None,demo,001,2025-01-16_21h16.39.043,method_of_constant_stimuli,2024.2.4,None,2025-01-16 21h16.45.421908 -0500,
1e-05,54,5,7,down,0.473654167028144,None,7,5,54,1,75.16558187501505,,,,75.15961587498896,75.25979674997507,75.75973579101264,75.90418379101902,75.90418379101902,76.38964025001042,down,0.473654167028144,None,demo,001,2025-01-16_21h16.39.043,method_of_constant_stimuli,2024.2.4,None,2025-01-16 21h16.45.421908 -0500,
0.0001,55,6,7,up,0.3663328330148943,None,7,6,55,2,76.39592350000748,,,,76.39067574997898,76.50419112498639,76.99016070802463,77.13744883297477,77.13744883297477,77.50484791601775,up,0.3663328330148943,None,demo,001,2025-01-16_21h16.39.043,method_of_constant_stimuli,2024.2.4,None,2025-01-16 21h16.45.421908 -0500,
1e-05,56,0,8,down,0.40696620795642957,None,8,0,56,1,77.51050345797557,,,,77.50544262502808,77.60960158298258,78.10833166597877,78.25388754101004,78.25388754101004,78.67303395800991,down,0.40696620795642957,None,demo,001,2025-01-16_21h16.39.043,method_of_constant_stimuli,2024.2.4,None,2025-01-16 21h16.45.421908 -0500,
0.0,57,1,8,up,0.48452820896636695,None,8,1,57,0,78.67926125001395,,,,78.67415729101049,78.82211954100057,79.32090670801699,79.42121875000885,79.42121875000885,79.90976554097142,up,0.48452820896636695,None,demo,001,2025-01-16_21h16.39.043,method_of_constant_stimuli,2024.2.4,None,2025-01-16 21h16.45.421908 -0500,
0.001,58,2,8,down,0.37645666603930295,None,8,2,58,3,79.92064908298198,,,,79.91048958298052,80.05537449999247,80.54507383302553,80.67118674999801,80.67118674999801,81.05625695799245,down,0.37645666603930295,None,demo,001,2025-01-16_21h16.39.043,method_of_constant_stimuli,2024.2.4,None,2025-01-16 21h16.45.421908 -0500,
0.1,59,3,8,up,0.6276231660158373,None,8,3,59,5,81.06270012498135,,,,81.05739945801906,81.17115058301715,81.65931050002109,81.80416412500199,81.80416412500199,82.43953416601289,up,0.6276231660158373,None,demo,001,2025-01-16_21h16.39.043,method_of_constant_stimuli,2024.2.4,None,2025-01-16 21h16.45.421908 -0500,
0.9,60,4,8,up,0.6952561250072904,None,8,4,60,6,82.44686258299043,,,,82.44114691601135,82.57620012498228,83.0707923329901,83.18751279101707,83.18751279101707,83.89208233298268,up,0.6952561250072904,None,demo,001,2025-01-16_21h16.39.043,method_of_constant_stimuli,2024.2.4,None,2025-01-16 21h16.45.421908 -0500,
0.0001,61,5,8,down,0.28660345799289644,None,8,5,61,2,83.8988822909887,,,,83.89310020802077,84.03796491597313,84.52464691601926,84.63795808301074,84.63795808301074,84.92639187502209,down,0.28660345799289644,None,demo,001,2025-01-16_21h16.39.043,method_of_constant_stimuli,2024.2.4,None,2025-01-16 21h16.45.421908 -0500,
0.01,62,6,8,up,0.38271733303554356,None,8,6,62,4,84.93718033301411,,,,84.927126375027,85.07183945801808,85.55853970802855,85.68785833299626,85.68785833299626,86.07455241598655,up,0.38271733303554356,None,demo,001,2025-01-16_21h16.39.043,method_of_constant_stimuli,2024.2.4,None,2025-01-16 21h16.45.421908 -0500,
0.001,63,0,9,up,0.491847165976651,None,9,0,63,3,86.08160912501626,,,,86.0757329579792,86.2266779160127,86.72052637499291,86.82084945798852,86.82084945798852,87.32331558299484,up,0.491847165976651,None,demo,001,2025-01-16_21h16.39.043,method_of_constant_stimuli,2024.2.4,None,2025-01-16 21h16.45.421908 -0500,
0.01,64,1,9,up,0.23768933297833428,None,9,1,64,4,87.33757570799207,,,,87.32401687500533,87.48720299999695,87.97524820797844,88.07080995797878,88.07080995797878,88.32246062497143,up,0.23768933297833428,None,demo,001,2025-01-16_21h16.39.043,method_of_constant_stimuli,2024.2.4,None,2025-01-16 21h16.45.421908 -0500,
0.9,65,2,9,up,0.3412170000374317,None,9,2,65,6,88.32850866601802,,,,88.32391687500058,88.42394770798273,88.92365295800846,89.07049570797244,89.07049570797244,89.42375520797214,up,0.3412170000374317,None,demo,001,2025-01-16_21h16.39.043,method_of_constant_stimuli,2024.2.4,None,2025-01-16 21h16.45.421908 -0500,
0.0,66,3,9,down,0.5005467089940794,None,9,3,66,0,89.43104095797753,,,,89.42519316601101,89.5373572499957,90.02475874999072,90.1709197909804,90.1709197909804,90.67412508302368,down,0.5005467089940794,None,demo,001,2025-01-16_21h16.39.043,method_of_constant_stimuli,2024.2.4,None,2025-01-16 21h16.45.421908 -0500,
1e-05,67,4,9,up,0.7315938750398345,None,9,4,67,1,90.68728708301205,,,,90.6748697910225,90.77643475000514,91.28885666601127,91.4208553750068,91.4208553750068,92.15761220798595,up,0.7315938750398345,None,demo,001,2025-01-16_21h16.39.043,method_of_constant_stimuli,2024.2.4,None,2025-01-16 21h16.45.421908 -0500,
0.0001,68,5,9,down,0.4891114170313813,None,9,5,68,2,92.17085824999958,,,,92.15902004099917,92.26213275000919,92.75698337500216,92.90430404100334,92.90430404100334,93.4067439159844,down,0.4891114170313813,None,demo,001,2025-01-16_21h16.39.043,method_of_constant_stimuli,2024.2.4,None,2025-01-16 21h16.45.421908 -0500,
0.1,69,6,9,up,0.2509200840140693,None,9,6,69,5,93.41344462498091,,,,93.40811399999075,93.54351375001715,94.04130737500964,94.15944974997547,94.15944974997547,94.42364133300725,up,0.2509200840140693,None,demo,001,2025-01-16_21h16.39.043,method_of_constant_stimuli,2024.2.4,None,2025-01-16 21h16.45.421908 -0500,
0.01,70,0,10,up,0.2662710840231739,None,10,0,70,4,94.42957970802672,,,,94.424614166026,94.52788612502627,95.02707862498937,95.17104883299908,95.17104883299908,95.43941045802785,up,0.2662710840231739,None,demo,001,2025-01-16_21h16.39.043,method_of_constant_stimuli,2024.2.4,None,2025-01-16 21h16.45.421908 -0500,
0.0001,71,1,10,up,0.5977942919707857,None,10,1,71,2,95.44852500001434,,,,95.44109699997352,95.56003720802255,96.05779966601403,96.1875058329897,96.1875058329897,96.79064254101831,up,0.5977942919707857,None,demo,001,2025-01-16_21h16.39.043,method_of_constant_stimuli,2024.2.4,None,2025-01-16 21h16.45.421908 -0500,
0.9,72,2,10,up,0.24114529200596735,None,10,2,72,6,96.79586816602387,,,,96.79132791602751,96.9281324580079,97.42379712499678,97.54024416598259,97.54024416598259,97.7910937499837,up,0.24114529200596735,None,demo,001,2025-01-16_21h16.39.043,method_of_constant_stimuli,2024.2.4,None,2025-01-16 21h16.45.421908 -0500,
1e-05,73,3,10,down,0.45065345900366083,None,10,3,73,1,97.79918712499784,,,,97.7925409579766,97.90417437499855,98.39313204097562,98.53854870802024,98.53854870802024,98.99134524998954,down,0.45065345900366083,None,demo,001,2025-01-16_21h16.39.043,method_of_constant_stimuli,2024.2.4,None,2025-01-16 21h16.45.421908 -0500,
0.1,74,4,10,up,0.2310352919739671,None,10,4,74,5,99.00396758300485,,,,98.99198429100215,99.12051337497542,99.6061655000085,99.73723741597496,99.73723741597496,99.97298608301207,up,0.2310352919739671,None,demo,001,2025-01-16_21h16.39.043,method_of_constant_stimuli,2024.2.4,None,2025-01-16 21h16.45.421908 -0500,
0.0,75,5,10,down,0.5018235839670524,None,10,5,75,0,99.98746466601733,,,,99.97434683301253,100.13720154098701,100.6274982910254,100.72045337501913,100.72045337501913,101.2281308749807,down,0.5018235839670524,None,demo,001,2025-01-16_21h16.39.043,method_of_constant_stimuli,2024.2.4,None,2025-01-16 21h16.45.421908 -0500,
0.001,76,6,10,up,0.5984947910183109,None,10,6,76,3,101.23717824998312,,,,101.22956887498731,101.38774779101368,101.88800195802469,101.98770287499065,101.98770287499065,102.58899883297272,up,0.5984947910183109,None,demo,001,2025-01-16_21h16.39.043,method_of_constant_stimuli,2024.2.4,None,2025-01-16 21h16.45.421908 -0500,
0.01,77,0,11,up,0.388587000023108,None,11,0,77,4,102.59485912497621,,,,102.58970162499463,102.72426733298926,103.22680129099172,103.33753687498393,103.33753687498393,103.74010649998672,up,0.388587000023108,None,demo,001,2025-01-16_21h16.39.043,method_of_constant_stimuli,2024.2.4,None,2025-01-16 21h16.45.421908 -0500,
0.0,78,1,11,down,0.3844950419734232,None,11,1,78,0,103.75418708298821,,,,103.74151991598774,103.8767534160288,104.38792095798999,104.48760087502887,104.48760087502887,104.87632558302721,down,0.3844950419734232,None,demo,001,2025-01-16_21h16.39.043,method_of_constant_stimuli,2024.2.4,None,2025-01-16 21h16.45.421908 -0500,
1e-05,79,2,11,up,0.5624290410196409,None,11,2,79,1,104.88720279099653,,,,104.87695066601736,105.00395674997708,105.49207129102433,105.62080299999798,105.62080299999798,106.18895879102638,up,0.5624290410196409,None,demo,001,2025-01-16_21h16.39.043,method_of_constant_stimuli,2024.2.4,None,2025-01-16 21h16.45.421908 -0500,
0.001,80,3,11,up,0.8074521250091493,None,11,3,80,3,106.19459916598862,,,,106.18952700000955,106.30391912499908,106.79286854097154,106.92377975001,106.92377975001,107.73815804102924,up,0.8074521250091493,None,demo,001,2025-01-16_21h16.39.043,method_of_constant_stimuli,2024.2.4,None,2025-01-16 21h16.45.421908 -0500,
0.0001,81,4,11,down,0.6128468749811873,None,11,4,81,2,107.74406041600741,,,,107.73872941598529,107.87734145799186,108.38785658299457,108.47518474998651,108.47518474998651,109.0931130410172,down,0.6128468749811873,None,demo,001,2025-01-16_21h16.39.043,method_of_constant_stimuli,2024.2.4,None,2025-01-16 21h16.45.421908 -0500,
0.9,82,5,11,up,0.27356633299496025,None,11,5,82,6,109.10397225001361,,,,109.09378120797919,109.2099853749969,109.70581466599833,109.83746000000974,109.83746000000974,110.12457341601839,up,0.27356633299496025,None,demo,001,2025-01-16_21h16.39.043,method_of_constant_stimuli,2024.2.4,None,2025-01-16 21h16.45.421908 -0500,
0.1,83,6,11,up,0.3809551250305958,None,11,6,83,5,110.13106124999467,,,,110.1257045409875,110.22882850002497,110.72512650000863,110.87099224998383,110.87099224998383,111.25668037502328,up,0.3809551250305958,None,demo,001,2025-01-16_21h16.39.043,method_of_constant_stimuli,2024.2.4,None,2025-01-16 21h16.45.421908 -0500,
0.0,84,0,12,down,0.523950542032253,None,12,0,84,0,111.26340524997795,,,,111.25811558298301,111.38726333301747,111.8748718330171,112.00397720799083,112.00397720799083,112.54058458301006,down,0.523950542032253,None,demo,001,2025-01-16_21h16.39.043,method_of_constant_stimuli,2024.2.4,None,2025-01-16 21h16.45.421908 -0500,
0.1,85,1,12,up,0.3028799170278944,None,12,1,85,5,112.54632854100782,,,,112.541229208,112.65483158297138,113.1422910830006,113.2930255830288,113.2930255830288,113.60470054100733,up,0.3028799170278944,None,demo,001,2025-01-16_21h16.39.043,method_of_constant_stimuli,2024.2.4,None,2025-01-16 21h16.45.421908 -0500,
0.01,86,2,12,up,0.4078207909478806,None,12,2,86,4,113.61038162501063,,,,113.6052898329799,113.7571488749818,114.25898441602476,114.34118624997791,114.34118624997791,114.75477979099378,up,0.4078207909478806,None,demo,001,2025-01-16_21h16.39.043,method_of_constant_stimuli,2024.2.4,None,2025-01-16 21h16.45.421908 -0500,
1e-05,87,3,12,down,0.5811714159790426,None,12,3,87,1,114.76048925000941,,,,114.75554345798446,114.90398558299057,115.39308970799902,115.49273220798932,115.49273220798932,116.07585374999326,down,0.5811714159790426,None,demo,001,2025-01-16_21h16.39.043,method_of_constant_stimuli,2024.2.4,None,2025-01-16 21h16.45.421908 -0500,
0.9,88,4,12,up,0.24001225002575666,None,12,4,88,6,116.08702812500997,,,,116.07644566602539,116.22108341602143,116.70625358301913,116.82085333298892,116.82085333298892,117.07277999998769,up,0.24001225002575666,None,demo,001,2025-01-16_21h16.39.043,method_of_constant_stimuli,2024.2.4,None,2025-01-16 21h16.45.421908 -0500,
0.0001,89,5,12,up,0.6498595410375856,None,12,5,89,2,117.07995783298975,,,,117.07442125002854,117.1937966659898,117.69435283297207,117.82096808298957,117.82096808298957,118.47322799998801,up,0.6498595410375856,None,demo,001,2025-01-16_21h16.39.043,method_of_constant_stimuli,2024.2.4,None,2025-01-16 21h16.45.421908 -0500,
0.001,90,6,12,up,0.32550237502437085,None,12,6,90,3,118.48070120799821,,,,118.47478566598147,118.61011358298128,119.10392554098507,119.22048550000181,119.22048550000181,119.55739437497687,up,0.32550237502437085,None,demo,001,2025-01-16_21h16.39.043,method_of_constant_stimuli,2024.2.4,None,2025-01-16 21h16.45.421908 -0500,
0.001,91,0,13,down,0.5253388329874724,None,13,0,91,3,119.5650834160042,,,,119.55888820800465,119.67061520798597,120.15659679099917,120.30454304098384,120.30454304098384,120.84092708298704,down,0.5253388329874724,None,demo,001,2025-01-16_21h16.39.043,method_of_constant_stimuli,2024.2.4,None,2025-01-16 21h16.45.421908 -0500,
0.0001,92,1,13,down,0.8542214999906719,None,13,1,92,2,120.84869474999141,,,,120.84299174998887,120.94225600000937,121.43710191600258,121.58751724998001,121.58751724998001,122.44533854100155,down,0.8542214999906719,None,demo,001,2025-01-16_21h16.39.043,method_of_constant_stimuli,2024.2.4,None,2025-01-16 21h16.45.421908 -0500,
0.1,93,2,13,up,0.25064787501469254,None,13,2,93,5,122.45380816602847,,,,122.44624787499197,122.54499362502247,123.03954304102808,123.19012679101434,123.19012679101434,123.4588202079758,up,0.25064787501469254,None,demo,001,2025-01-16_21h16.39.043,method_of_constant_stimuli,2024.2.4,None,2025-01-16 21h16.45.421908 -0500,
1e-05,94,3,13,down,0.5372814169968478,None,13,3,94,1,123.46514158300124,,,,123.45988366601523,123.62894920801045,124.12520624999888,124.20435904100304,124.20435904100304,124.74322737497278,down,0.5372814169968478,None,demo,001,2025-01-16_21h16.39.043,method_of_constant_stimuli,2024.2.4,None,2025-01-16 21h16.45.421908 -0500,
0.01,95,4,13,up,0.2821235829615034,None,13,4,95,4,124.75387858302565,,,,124.7438919999986,124.85730662499554,125.3539323330042,125.48752437502844,125.48752437502844,125.77266012498876,up,0.2821235829615034,None,demo,001,2025-01-16_21h16.39.043,method_of_constant_stimuli,2024.2.4,None,2025-01-16 21h16.45.421908 -0500,
0.0,96,5,13,down,0.4914886659826152,None,13,5,96,0,125.77957054099534,,,,125.77412816602737,125.887868040998,126.37694816599833,126.5211392500205,126.5211392500205,127.02140629099449,down,0.4914886659826152,None,demo,001,2025-01-16_21h16.39.043,method_of_constant_stimuli,2024.2.4,None,2025-01-16 21h16.45.421908 -0500,
0.9,97,6,13,up,0.5143127500195988,None,13,6,97,6,127.02945733297383,,,,127.02201191597851,127.14140600000974,127.64191237499472,127.75827599997865,127.75827599997865,128.27506816602545,up,0.5143127500195988,None,demo,001,2025-01-16_21h16.39.043,method_of_constant_stimuli,2024.2.4,None,2025-01-16 21h16.45.421908 -0500,
0.01,98,0,14,up,0.6458256249898113,None,14,0,98,4,128.28721066599246,,,,128.2757234579767,128.38803058298072,128.87689520802815,129.0208238749765,129.0208238749765,129.6728954159771,up,0.6458256249898113,None,demo,001,2025-01-16_21h16.39.043,method_of_constant_stimuli,2024.2.4,None,2025-01-16 21h16.45.421908 -0500,
0.9,99,1,14,up,0.2750593749806285,None,14,1,99,6,129.67939316597767,,,,129.6741040829802,129.82064450002508,130.30916129099205,130.42051166598685,130.42051166598685,130.70608270802768,up,0.2750593749806285,None,demo,001,2025-01-16_21h16.39.043,method_of_constant_stimuli,2024.2.4,None,2025-01-16 21h16.45.421908 -0500,
0.0,100,2,14,down,0.3383824580232613,None,14,2,100,0,130.7127547080163,,,,130.70746279100422,130.8446525830077,131.33969145797892,131.45410362497205,131.45410362497205,131.80615879100515,down,0.3383824580232613,None,demo,001,2025-01-16_21h16.39.043,method_of_constant_stimuli,2024.2.4,None,2025-01-16 21h16.45.421908 -0500,
0.0001,101,3,14,down,0.4152363329776563,None,14,3,101,2,131.8150197499781,,,,131.80788095801836,131.94457208301174,132.44175749999704,132.5542582499911,132.5542582499911,132.97261016600532,down,0.4152363329776563,None,demo,001,2025-01-16_21h16.39.043,method_of_constant_stimuli,2024.2.4,None,2025-01-16 21h16.45.421908 -0500,
1e-05,102,4,14,down,0.8456134580192156,None,14,4,102,1,132.9815321249771,,,,132.97415212501073,133.09354620799422,133.5927297080052,133.72095091600204,133.72095091600204,134.57404133299133,down,0.8456134580192156,None,demo,001,2025-01-16_21h16.39.043,method_of_constant_stimuli,2024.2.4,None,2025-01-16 21h16.45.421908 -0500,
0.001,103,5,14,down,0.7994571250164881,None,14,5,103,3,134.58051158301532,,,,134.57476187497377,134.7372500000056,135.22462604101747,135.320923916006,135.320923916006,136.1224550830084,down,0.7994571250164881,None,demo,001,2025-01-16_21h16.39.043,method_of_constant_stimuli,2024.2.4,None,2025-01-16 21h16.45.421908 -0500,
0.1,104,6,14,up,0.26853575004497543,None,14,6,104,5,136.1292975830147,,,,136.1235833329847,136.26107800001046,136.7605282079894,136.87080804101424,136.87080804101424,137.1540513749933,up,0.26853575004497543,None,demo,001,2025-01-16_21h16.39.043,method_of_constant_stimuli,2024.2.4,None,2025-01-16 21h16.45.421908 -0500,
0.9,105,0,15,up,0.24694329197518528,None,15,0,105,6,137.15770074998727,,,,137.15459604101488,137.24342012498528,137.7377857909887,137.90454179100925,137.90454179100925,138.1556647910038,up,0.24694329197518528,None,demo,001,2025-01-16_21h16.39.043,method_of_constant_stimuli,2024.2.4,None,2025-01-16 21h16.45.421908 -0500,
1e-05,106,1,15,down,0.4311570409918204,None,15,1,106,1,138.16153304098407,,,,138.15622520801844,138.28781283297576,138.7750356660108,138.89322783297393,138.89322783297393,139.3265977500123,down,0.4311570409918204,None,demo,001,2025-01-16_21h16.39.043,method_of_constant_stimuli,2024.2.4,None,2025-01-16 21h16.45.421908 -0500,
0.0001,107,2,15,down,0.48349341697758064,None,15,2,107,2,139.3372391660232,,,,139.32716433302267,139.4937919160002,139.9905783329741,140.08776687498903,140.08776687498903,140.5786652910174,down,0.48349341697758064,None,demo,001,2025-01-16_21h16.39.043,method_of_constant_stimuli,2024.2.4,None,2025-01-16 21h16.45.421908 -0500,
0.001,108,3,15,down,0.6366542499745265,None,15,3,108,3,140.58724558301037,,,,140.5793940409785,140.69055654102704,141.1875225409749,141.32469745801063,141.32469745801063,141.97445616597543,down,0.6366542499745265,None,demo,001,2025-01-16_21h16.39.043,method_of_constant_stimuli,2024.2.4,None,2025-01-16 21h16.45.421908 -0500,
0.0,109,4,15,down,0.7166827920009382,None,15,4,109,0,141.98136366601102,,,,141.97567779099336,142.10974762501428,142.61102299997583,142.7205597080174,142.7205597080174,143.43974595802138,down,0.7166827920009382,None,demo,001,2025-01-16_21h16.39.043,method_of_constant_stimuli,2024.2.4,None,2025-01-16 21h16.45.421908 -0500,
0.01,110,5,15,up,0.4165199169656262,None,15,5,110,4,143.4458678329829,,,,143.4410752080148,143.59198670799378,144.0873051660019,144.19272058299975,144.19272058299975,144.6232415830018,up,0.4165199169656262,None,demo,001,2025-01-16_21h16.39.043,method_of_constant_stimuli,2024.2.4,None,2025-01-16 21h16.45.421908 -0500,
0.1,111,6,15,up,0.5084115829668008,None,15,6,111,5,144.63235024997266,,,,144.62492591602495,144.72419237502618,145.22119808301795,145.37087624997366,145.37087624997366,145.89138283301145,up,0.5084115829668008,None,demo,001,2025-01-16_21h16.39.043,method_of_constant_stimuli,2024.2.4,None,2025-01-16 21h16.45.421908 -0500,
0.01,112,0,16,up,0.31401766696944833,None,16,0,112,4,145.89755279099336,,,,145.89210629102308,145.9938782909885,146.49338837497635,146.6372155409772,146.6372155409772,146.9557819159818,up,0.31401766696944833,None,demo,001,2025-01-16_21h16.39.043,method_of_constant_stimuli,2024.2.4,None,2025-01-16 21h16.45.421908 -0500,
0.0001,113,1,16,down,0.5208040419965982,None,16,1,113,2,146.96121658297488,,,,146.9563132909825,147.06045175000327,147.55869612499373,147.70428700000048,147.70428700000048,148.23933829099406,down,0.5208040419965982,None,demo,001,2025-01-16_21h16.39.043,method_of_constant_stimuli,2024.2.4,None,2025-01-16 21h16.45.421908 -0500,
0.1,114,2,16,up,0.2986093749641441,None,16,2,114,5,148.24553866597125,,,,148.24074400000973,148.38787749997573,148.8772827499779,148.98749304097146,148.98749304097146,149.28931133297738,up,0.2986093749641441,None,demo,001,2025-01-16_21h16.39.043,method_of_constant_stimuli,2024.2.4,None,2025-01-16 21h16.45.421908 -0500,
0.9,115,3,16,up,0.5780495420331135,None,16,3,115,6,149.3042171659763,,,,149.28998987498926,149.44115508301184,149.95460499997716,150.03717787499772,150.03717787499772,150.62329008302186,up,0.5780495420331135,None,demo,001,2025-01-16_21h16.39.043,method_of_constant_stimuli,2024.2.4,None,2025-01-16 21h16.45.421908 -0500,
1e-05,116,4,16,down,0.4809301249915734,None,16,4,116,1,150.63006024999777,,,,150.62477141601266,150.78759099997114,151.28851441602455,151.3710934999981,151.3710934999981,151.8583067500149,down,0.4809301249915734,None,demo,001,2025-01-16_21h16.39.043,method_of_constant_stimuli,2024.2.4,None,2025-01-16 21h16.45.421908 -0500,
0.0,117,5,16,up,0.3697870839969255,None,16,5,117,0,151.870813290996,,,,151.85897895798553,151.97606516600354,152.47091937501682,152.60424062499078,152.60424062499078,152.97648083302192,up,0.3697870839969255,None,demo,001,2025-01-16_21h16.39.043,method_of_constant_stimuli,2024.2.4,None,2025-01-16 21h16.45.421908 -0500,
0.001,118,6,16,up,0.5701403330313042,None,16,6,118,3,152.9871917910059,,,,152.97717741597444,153.10439345799387,153.59235995798372,153.72391712502576,153.72391712502576,154.30481562501518,up,0.5701403330313042,None,demo,001,2025-01-16_21h16.39.043,method_of_constant_stimuli,2024.2.4,None,2025-01-16 21h16.45.421908 -0500,
0.0,119,0,17,down,0.5075113750062883,None,17,0,119,0,154.31061216600938,,,,154.30539545801003,154.46116645797156,154.9570346249966,155.03953016601736,155.03953016601736,155.5548587910016,down,0.5075113750062883,None,demo,001,2025-01-16_21h16.39.043,method_of_constant_stimuli,2024.2.4,None,2025-01-16 21h16.45.421908 -0500,
1e-05,120,1,17,down,1.1171151250018738,None,17,1,120,1,155.56053929100744,,,,155.5554989160155,155.70874045800883,156.2040318750078,156.2908630410093,156.2908630410093,157.42329666600563,down,1.1171151250018738,None,demo,001,2025-01-16_21h16.39.043,method_of_constant_stimuli,2024.2.4,None,2025-01-16 21h16.45.421908 -0500,
0.1,121,2,17,up,0.3439675829722546,None,17,2,121,5,157.43845104100183,,,,157.4239207499777,157.57111966598313,158.0586670410121,158.17091795802116,158.17091795802116,158.5253587079933,up,0.3439675829722546,None,demo,001,2025-01-16_21h16.39.043,method_of_constant_stimuli,2024.2.4,None,2025-01-16 21h16.45.421908 -0500,
0.01,122,3,17,up,0.4079674169770442,None,17,3,122,4,158.53212729102233,,,,158.52656691602897,158.67111624998506,159.17148129100678,159.27088529098546,159.27088529098546,159.68996258301195,up,0.4079674169770442,None,demo,001,2025-01-16_21h16.39.043,method_of_constant_stimuli,2024.2.4,None,2025-01-16 21h16.45.421908 -0500,
0.001,123,4,17,up,0.7111535409931093,None,17,4,123,3,159.69852891599294,,,,159.6914634159766,159.87075066601392,160.3605209160014,160.4388292080257,160.4388292080257,161.15665458299918,up,0.7111535409931093,None,demo,001,2025-01-16_21h16.39.043,method_of_constant_stimuli,2024.2.4,None,2025-01-16 21h16.45.421908 -0500,
0.0001,124,5,17,down,0.6297288750065491,None,17,5,124,2,161.16295575001277,,,,161.15763112501008,161.3047827500268,161.78988654102432,161.90418845799286,161.90418845799286,162.54082200000994,down,0.6297288750065491,None,demo,001,2025-01-16_21h16.39.043,method_of_constant_stimuli,2024.2.4,None,2025-01-16 21h16.45.421908 -0500,
0.9,125,6,17,up,0.3273469579871744,None,17,6,125,6,162.54667900002096,,,,162.5415452910238,162.7101406250149,163.20867329102475,163.29443720798008,163.29443720798008,163.62629495799774,up,0.3273469579871744,None,demo,001,2025-01-16_21h16.39.043,method_of_constant_stimuli,2024.2.4,None,2025-01-16 21h16.45.421908 -0500,
0.001,126,0,18,down,0.8035627499921247,None,18,0,126,3,163.63725316600176,,,,163.6271120409947,163.79308141599176,164.2902049580007,164.38820570800453,164.38820570800453,165.19469495798694,down,0.8035627499921247,None,demo,001,2025-01-16_21h16.39.043,method_of_constant_stimuli,2024.2.4,None,2025-01-16 21h16.45.421908 -0500,
0.0001,127,1,18,down,0.5981303750304505,None,18,1,127,2,165.20378420798806,,,,165.19542612502119,165.3607361249742,165.8542852079845,165.9416075409972,165.9416075409972,166.54306108300807,down,0.5981303750304505,None,demo,001,2025-01-16_21h16.39.043,method_of_constant_stimuli,2024.2.4,None,2025-01-16 21h16.45.421908 -0500,
0.0,128,2,18,down,0.8388915410032496,None,18,2,128,0,166.55387050000718,,,,166.54369470797246,166.6705780000193,167.1587860410218,167.2919075830141,167.2919075830141,168.14138679101598,down,0.8388915410032496,None,demo,001,2025-01-16_21h16.39.043,method_of_constant_stimuli,2024.2.4,None,2025-01-16 21h16.45.421908 -0500,
0.9,129,3,18,up,0.3460474170278758,None,18,3,129,6,168.1479715409805,,,,168.14267229102552,168.30418658297276,168.79169162502512,168.8876056249719,168.8876056249719,169.23876112501603,up,0.3460474170278758,None,demo,001,2025-01-16_21h16.39.043,method_of_constant_stimuli,2024.2.4,None,2025-01-16 21h16.45.421908 -0500,
1e-05,130,4,18,up,0.6791245000204071,None,18,4,130,1,169.24457949999487,,,,169.2393768330221,169.39338037499692,169.89151466602925,169.98765287501737,169.98765287501737,170.67296395800076,up,0.6791245000204071,None,demo,001,2025-01-16_21h16.39.043,method_of_constant_stimuli,2024.2.4,None,2025-01-16 21h16.45.421908 -0500,
0.1,131,5,18,up,0.4835137499612756,None,18,5,131,5,170.6802099160268,,,,170.6746216660249,170.855127250019,171.34178387501743,171.4211402499932,171.4211402499932,171.90701145800995,up,0.4835137499612756,None,demo,001,2025-01-16_21h16.39.043,method_of_constant_stimuli,2024.2.4,None,2025-01-16 21h16.45.421908 -0500,
0.01,132,6,18,up,0.33051900001009926,None,18,6,132,4,171.92088629101636,,,,171.90799495799,172.02059433300747,172.5221652080072,172.65415837499313,172.65415837499313,172.98929808300454,up,0.33051900001009926,None,demo,001,2025-01-16_21h16.39.043,method_of_constant_stimuli,2024.2.4,None,2025-01-16 21h16.45.421908 -0500,
0.0,133,0,19,up,0.7920080840121955,None,19,0,133,0,172.99550654098857,,,,172.99003420799272,173.12108524999348,173.6122984579997,173.72855887498008,173.72855887498008,174.52250333299162,up,0.7920080840121955,None,demo,001,2025-01-16_21h16.39.043,method_of_constant_stimuli,2024.2.4,None,2025-01-16 21h16.45.421908 -0500,
0.9,134,1,19,up,0.49252887500915676,None,19,1,134,6,174.5283534579794,,,,174.5231272910023,174.6401145409909,175.1374644159805,175.25999737501843,175.25999737501843,175.7546992910211,up,0.49252887500915676,None,demo,001,2025-01-16_21h16.39.043,method_of_constant_stimuli,2024.2.4,None,2025-01-16 21h16.45.421908 -0500,
1e-05,135,2,19,down,0.4514325829804875,None,19,2,135,1,175.760565457982,,,,175.75530474999687,175.90435849997448,176.39301674999297,176.4920164999785,176.4920164999785,176.95396941597573,down,0.4514325829804875,None,demo,001,2025-01-16_21h16.39.043,method_of_constant_stimuli,2024.2.4,None,2025-01-16 21h16.45.421908 -0500,
0.01,136,3,19,up,0.16229250002652407,None,19,3,136,4,176.95742187497672,,,,176.95449774997542,177.06197512499057,177.55840429099044,177.69214620802086,177.69214620802086,177.85646550002275,up,0.16229250002652407,None,demo,001,2025-01-16_21h16.39.043,method_of_constant_stimuli,2024.2.4,None,2025-01-16 21h16.45.421908 -0500,
0.1,137,4,19,up,0.49526979197980836,None,19,4,137,5,177.86300683300942,,,,177.85794445802458,178.00958937499672,178.5212249159813,178.60427000001073,178.60427000001073,179.10458354098955,up,0.49526979197980836,None,demo,001,2025-01-16_21h16.39.043,method_of_constant_stimuli,2024.2.4,None,2025-01-16 21h16.45.421908 -0500,
0.0001,138,5,19,up,0.5040018750005402,None,19,5,138,2,179.10981408302905,,,,179.1051935830037,179.2541621659766,179.73941304098116,179.84246137499576,179.84246137499576,180.356116208015,up,0.5040018750005402,None,demo,001,2025-01-16_21h16.39.043,method_of_constant_stimuli,2024.2.4,None,2025-01-16 21h16.45.421908 -0500,
0.001,139,6,19,down,0.351133625023067,None,19,6,139,3,180.3627025409951,,,,180.35756191599648,180.47203166602412,180.95953645801637,181.10416250000708,181.10416250000708,181.46290845802287,down,0.351133625023067,None,demo,001,2025-01-16_21h16.39.043,method_of_constant_stimuli,2024.2.4,None,2025-01-16 21h16.45.421908 -0500,
0.0001,140,0,20,down,0.5469670830061659,None,20,0,140,2,181.4705362499808,,,,181.4634993749787,181.55695816600928,182.05423079099273,182.22145179100335,182.22145179100335,182.77163379098056,down,0.5469670830061659,None,demo,001,2025-01-16_21h16.39.043,method_of_constant_stimuli,2024.2.4,None,2025-01-16 21h16.45.421908 -0500,
1e-05,141,1,20,up,0.47242883301805705,None,20,1,141,1,182.77777729101945,,,,182.77221962501062,182.89315262500895,183.39420354098547,183.50896054098848,183.50896054098848,183.98971383302705,up,0.47242883301805705,None,demo,001,2025-01-16_21h16.39.043,method_of_constant_stimuli,2024.2.4,None,2025-01-16 21h16.45.421908 -0500,
0.0,142,2,20,up,1.2349665829678997,None,20,2,142,0,183.99633145797998,,,,183.99099158297759,184.09301345801214,184.58784787502373,184.73729787499178,184.73729787499178,185.9782276659971,up,1.2349665829678997,None,demo,001,2025-01-16_21h16.39.043,method_of_constant_stimuli,2024.2.4,None,2025-01-16 21h16.45.421908 -0500,
0.01,143,3,20,up,0.3419826250174083,None,20,3,143,4,185.98724987497553,,,,185.97893616597867,186.07393574999878,186.57057045801776,186.72538312501274,186.72538312501274,187.07222870801343,up,0.3419826250174083,None,demo,001,2025-01-16_21h16.39.043,method_of_constant_stimuli,2024.2.4,None,2025-01-16 21h16.45.421908 -0500,
0.9,144,4,20,up,0.38729062495986,None,20,4,144,6,187.07826416601893,,,,187.07286029099487,187.17309862497495,187.67125387501437,187.82091262500035,187.82091262500035,188.22358287498355,up,0.38729062495986,None,demo,001,2025-01-16_21h16.39.043,method_of_constant_stimuli,2024.2.4,None,2025-01-16 21h16.45.421908 -0500,
0.001,145,5,20,down,0.4871459580026567,None,20,5,145,3,188.23047100001713,,,,188.22508112498326,188.35413895797683,188.8421259999741,188.97100954101188,188.97100954101188,189.45986062497832,down,0.4871459580026567,None,demo,001,2025-01-16_21h16.39.043,method_of_constant_stimuli,2024.2.4,None,2025-01-16 21h16.45.421908 -0500,
0.1,146,6,20,up,0.24175979202846065,None,20,6,146,5,189.47065908298828,,,,189.46057104098145,189.59306629101047,190.09219879098237,190.21036958298646,190.21036958298646,190.45647329097847,up,0.24175979202846065,None,demo,001,2025-01-16_21h16.39.043,method_of_constant_stimuli,2024.2.4,None,2025-01-16 21h16.45.421908 -0500,
0.0,147,0,21,down,0.528913417016156,None,21,0,147,0,190.4634331659763,,,,190.45763387501938,190.5762241249904,191.07505841599777,191.2042198330164,191.2042198330164,191.74103266600287,down,0.528913417016156,None,demo,001,2025-01-16_21h16.39.043,method_of_constant_stimuli,2024.2.4,None,2025-01-16 21h16.45.421908 -0500,
0.001,148,1,21,up,0.18038466601865366,None,21,1,148,3,191.74724699999206,,,,191.74179300002288,191.87054316600552,192.35813891602447,192.4878171660239,192.4878171660239,192.67348512500757,up,0.18038466601865366,None,demo,001,2025-01-16_21h16.39.043,method_of_constant_stimuli,2024.2.4,None,2025-01-16 21h16.45.421908 -0500,
0.0001,149,2,21,down,1.0257613330031745,None,21,2,149,2,192.68770433298778,,,,192.6744179999805,192.77793658297742,193.2718640830135,193.42134162498405,193.42134162498405,194.45527970802505,down,1.0257613330031745,None,demo,001,2025-01-16_21h16.39.043,method_of_constant_stimuli,2024.2.4,None,2025-01-16 21h16.45.421908 -0500,
0.1,150,3,21,up,0.20478245901176706,None,21,3,150,5,194.4611605409882,,,,194.45586304098833,194.58796016598353,195.07722791598644,195.20419795799535,195.20419795799535,195.41042124998057,up,0.20478245901176706,None,demo,001,2025-01-16_21h16.39.043,method_of_constant_stimuli,2024.2.4,None,2025-01-16 21h16.45.421908 -0500,
0.01,151,4,21,up,0.21159012499265373,None,21,4,151,4,195.42055724997772,,,,195.41205891600111,195.56207924999762,196.0570244580158,196.15849825000623,196.15849825000623,196.37163050001254,up,0.21159012499265373,None,demo,001,2025-01-16_21h16.39.043,method_of_constant_stimuli,2024.2.4,None,2025-01-16 21h16.45.421908 -0500,
1e-05,152,5,21,up,0.6397675829939544,None,21,5,152,1,196.37715479102917,,,,196.37219645798905,196.4871668749838,196.97514125000453,197.11124120798195,197.11124120798195,197.75665762502467,up,0.6397675829939544,None,demo,001,2025-01-16_21h16.39.043,method_of_constant_stimuli,2024.2.4,None,2025-01-16 21h16.45.421908 -0500,
0.9,153,6,21,up,0.2968341250088997,None,21,6,153,6,197.76291383302305,,,,197.7575394579908,197.8938130409806,198.39144141599536,198.5042079159757,198.5042079159757,198.80587845802074,up,0.2968341250088997,None,demo,001,2025-01-16_21h16.39.043,method_of_constant_stimuli,2024.2.4,None,2025-01-16 21h16.45.421908 -0500,
0.1,154,0,22,up,0.27193287503905594,None,22,0,154,5,198.81198499997845,,,,198.806769250019,198.9706712079933,199.45818187500117,199.553924250009,199.553924250009,199.82994966598926,up,0.27193287503905594,None,demo,001,2025-01-16_21h16.39.043,method_of_constant_stimuli,2024.2.4,None,2025-01-16 21h16.45.421908 -0500,
0.0,155,1,22,down,0.5458944999845698,None,22,1,155,0,199.83616499998607,,,,199.83072541601723,199.95513987500453,200.45395295799244,200.57602350000525,200.57602350000525,201.1269575409824,down,0.5458944999845698,None,demo,001,2025-01-16_21h16.39.043,method_of_constant_stimuli,2024.2.4,None,2025-01-16 21h16.45.421908 -0500,
0.0001,156,2,22,down,0.4406383750028908,None,22,2,156,2,201.13704495801358,,,,201.12759470799938,201.237179208023,201.7229936249787,201.87535645801108,201.87535645801108,202.32356637500925,down,0.4406383750028908,None,demo,001,2025-01-16_21h16.39.043,method_of_constant_stimuli,2024.2.4,None,2025-01-16 21h16.45.421908 -0500,
1e-05,157,3,22,down,0.6800970829790458,None,22,3,157,1,202.33064791600918,,,,202.32500391599024,202.44268883299083,202.95452170801582,203.0707969579962,203.0707969579962,203.75441733299522,down,0.6800970829790458,None,demo,001,2025-01-16_21h16.39.043,method_of_constant_stimuli,2024.2.4,None,2025-01-16 21h16.45.421908 -0500,
0.01,158,4,22,up,0.2473177089705132,None,22,4,158,4,203.7599392909906,,,,203.75502275000326,203.90976966597373,204.4043051659828,204.49449070799164,204.49449070799164,204.75609595800051,up,0.2473177089705132,None,demo,001,2025-01-16_21h16.39.043,method_of_constant_stimuli,2024.2.4,None,2025-01-16 21h16.45.421908 -0500,
0.9,159,5,22,up,0.46563066699309275,None,22,5,159,6,204.76161520800088,,,,204.7566606249893,204.90396283299197,205.39139416598482,205.50511750002624,205.50511750002624,205.97331804101123,up,0.46563066699309275,None,demo,001,2025-01-16_21h16.39.043,method_of_constant_stimuli,2024.2.4,None,2025-01-16 21h16.45.421908 -0500,
0.001,160,6,22,up,0.7676171659841202,None,22,6,160,3,205.97975620802026,,,,205.97471020801459,206.137785082974,206.63792462501442,206.7271115410258,206.7271115410258,207.50601458299207,up,0.7676171659841202,None,demo,001,2025-01-16_21h16.39.043,method_of_constant_stimuli,2024.2.4,None,2025-01-16 21h16.45.421908 -0500,
1e-05,161,0,23,down,0.4438616249826737,None,23,0,161,1,207.5209184580017,,,,207.50647770799696,207.63810600002762,208.1274107079953,208.25386766600423,208.25386766600423,208.70559937501093,down,0.4438616249826737,None,demo,001,2025-01-16_21h16.39.043,method_of_constant_stimuli,2024.2.4,None,2025-01-16 21h16.45.421908 -0500,
0.0,162,1,23,down,0.5484554590075277,None,23,1,162,0,208.71218895801576,,,,208.70705095800804,208.82049770798767,209.32109987502918,209.4542194160167,209.4542194160167,210.00682041601976,down,0.5484554590075277,None,demo,001,2025-01-16_21h16.39.043,method_of_constant_stimuli,2024.2.4,None,2025-01-16 21h16.45.421908 -0500,
0.1,163,2,23,up,0.235660582955461,None,23,2,163,5,210.02084129099967,,,,210.00757270801114,210.12591333297314,210.62086870800704,210.76097304100404,210.76097304100404,211.00650216598297,up,0.235660582955461,None,demo,001,2025-01-16_21h16.39.043,method_of_constant_stimuli,2024.2.4,None,2025-01-16 21h16.45.421908 -0500,
0.01,164,3,23,up,0.4752657500212081,None,23,3,164,4,211.01369783299742,,,,211.0077781250002,211.14368670800468,211.64207549998537,211.75434508302715,211.75434508302715,212.23974170797737,up,0.4752657500212081,None,demo,001,2025-01-16_21h16.39.043,method_of_constant_stimuli,2024.2.4,None,2025-01-16 21h16.45.421908 -0500,
0.0001,165,4,23,down,0.514111915952526,None,23,4,165,2,212.25421616598032,,,,212.24112795799738,212.3766503329971,212.87202404101845,212.98748983297264,212.98748983297264,213.50841725000646,down,0.514111915952526,None,demo,001,2025-01-16_21h16.39.043,method_of_constant_stimuli,2024.2.4,None,2025-01-16 21h16.45.421908 -0500,
0.001,166,5,23,up,0.5184858330176212,None,23,5,166,3,213.52079941600095,,,,213.50947337498656,213.6375637499732,214.12552520801546,214.25406054098858,214.25406054098858,214.77639337501023,up,0.5184858330176212,None,demo,001,2025-01-16_21h16.39.043,method_of_constant_stimuli,2024.2.4,None,2025-01-16 21h16.45.421908 -0500,
0.9,167,6,23,up,0.38205899996683,None,23,6,167,6,214.78718445799313,,,,214.77707800001372,214.90995279100025,215.40656429098453,215.52054108300945,215.52054108300945,215.9046258329763,up,0.38205899996683,None,demo,001,2025-01-16_21h16.39.043,method_of_constant_stimuli,2024.2.4,None,2025-01-16 21h16.45.421908 -0500,
0.01,168,0,24,down,0.8730677079875022,None,24,0,168,4,215.91028066602303,,,,215.90518916602014,216.00392654101597,216.49369962501805,216.6394955830183,216.6394955830183,217.5238955829991,down,0.8730677079875022,None,demo,001,2025-01-16_21h16.39.043,method_of_constant_stimuli,2024.2.4,None,2025-01-16 21h16.45.421908 -0500,
0.0,169,1,24,up,0.5675930420402437,None,24,1,169,0,217.52952979097608,,,,217.52472858299734,217.64425629097968,218.14191966602812,218.27082724997308,218.27082724997308,218.84300654102117,up,0.5675930420402437,None,demo,001,2025-01-16_21h16.39.043,method_of_constant_stimuli,2024.2.4,None,2025-01-16 21h16.45.421908 -0500,
1e-05,170,2,24,down,1.0919953749980778,None,24,2,170,1,218.85386600001948,,,,218.84364208299667,218.9934305829811,219.49361158302054,219.587490624981,219.587490624981,220.69163420802215,down,1.0919953749980778,None,demo,001,2025-01-16_21h16.39.043,method_of_constant_stimuli,2024.2.4,None,2025-01-16 21h16.45.421908 -0500,
0.9,171,3,24,up,0.21603991696611047,None,24,3,171,6,220.6991670409916,,,,220.69290212501073,220.83765691600274,221.32370599999558,221.43825025000842,221.43825025000842,221.65659675002098,up,0.21603991696611047,None,demo,001,2025-01-16_21h16.39.043,method_of_constant_stimuli,2024.2.4,None,2025-01-16 21h16.45.421908 -0500,
0.1,172,4,24,up,0.25723979203030467,None,24,4,172,5,221.6651590829715,,,,221.65797370800283,221.77718112501316,222.27592420799192,222.4041627079714,222.4041627079714,222.67312875000061,up,0.25723979203030467,None,demo,001,2025-01-16_21h16.39.043,method_of_constant_stimuli,2024.2.4,None,2025-01-16 21h16.45.421908 -0500,
0.001,173,5,24,down,0.5000756669905968,None,24,5,173,3,222.68754200002877,,,,222.67419783299556,222.82059058302548,223.32209020800656,223.4382151250029,223.4382151250029,223.94046058302047,down,0.5000756669905968,None,demo,001,2025-01-16_21h16.39.043,method_of_constant_stimuli,2024.2.4,None,2025-01-16 21h16.45.421908 -0500,
0.0001,174,6,24,up,0.6650207500206307,None,24,6,174,2,223.95383037498686,,,,223.9410367499804,224.03778045799118,224.52379137498792,224.68835100001888,224.68835100001888,225.35630641598254,up,0.6650207500206307,None,demo,001,2025-01-16_21h16.39.043,method_of_constant_stimuli,2024.2.4,None,2025-01-16 21h16.45.421908 -0500,
0.0,175,0,25,down,0.5034695419599302,None,25,0,175,0,225.36197041597916,,,,225.35689533298137,225.5205361249973,226.00895412499085,226.10394908301532,226.10394908301532,226.61001570802182,down,0.5034695419599302,None,demo,001,2025-01-16_21h16.39.043,method_of_constant_stimuli,2024.2.4,None,2025-01-16 21h16.45.421908 -0500,
0.01,176,1,25,up,0.37344500003382564,None,25,1,176,4,226.62050575000467,,,,226.6113429159741,226.77583029097877,227.27751666598488,227.36089558299864,227.36089558299864,227.73942116601393,up,0.37344500003382564,None,demo,001,2025-01-16_21h16.39.043,method_of_constant_stimuli,2024.2.4,None,2025-01-16 21h16.45.421908 -0500,
0.0001,177,2,25,down,0.5213604579912499,None,25,2,177,2,227.74792250001337,,,,227.74105008301558,227.8563505000202,228.35478629102,228.48784995800816,228.48784995800816,229.02287904097466,down,0.5213604579912499,None,demo,001,2025-01-16_21h16.39.043,method_of_constant_stimuli,2024.2.4,None,2025-01-16 21h16.45.421908 -0500,
1e-05,178,3,25,down,0.5092817500117235,None,25,3,178,1,229.02929266600404,,,,229.0241207079962,229.15448179101804,229.6418799579842,229.77101166598732,229.77101166598732,230.28944741602754,down,0.5092817500117235,None,demo,001,2025-01-16_21h16.39.043,method_of_constant_stimuli,2024.2.4,None,2025-01-16 21h16.45.421908 -0500,
0.1,179,4,25,up,0.2853678329847753,None,25,4,179,5,230.30420683301054,,,,230.2901594999712,230.424274332996,230.92084575002082,231.03782633302035,231.03782633302035,231.3266345000011,up,0.2853678329847753,None,demo,001,2025-01-16_21h16.39.043,method_of_constant_stimuli,2024.2.4,None,2025-01-16 21h16.45.421908 -0500,
0.9,180,5,25,up,0.3712899580132216,None,25,5,180,6,231.33711783302715,,,,231.32742166600656,231.47060179099208,231.95935333298985,232.07789133302867,232.07789133302867,232.4562402080046,up,0.3712899580132216,None,demo,001,2025-01-16_21h16.39.043,method_of_constant_stimuli,2024.2.4,None,2025-01-16 21h16.45.421908 -0500,
0.001,181,6,25,down,0.4439954170375131,None,25,6,181,3,232.4628619159921,,,,232.4575166249997,232.57059383299202,233.05633383302484,233.20413783297408,233.20413783297408,233.6582097079954,down,0.4439954170375131,None,demo,001,2025-01-16_21h16.39.043,method_of_constant_stimuli,2024.2.4,None,2025-01-16 21h16.45.421908 -0500,
1e-05,182,0,26,down,0.6918624580139294,None,26,0,182,1,233.66467249998823,,,,233.65947979100747,233.7887909580022,234.2880163330119,234.40518829098437,234.40518829098437,235.10474129102658,down,0.6918624580139294,None,demo,001,2025-01-16_21h16.39.043,method_of_constant_stimuli,2024.2.4,None,2025-01-16 21h16.45.421908 -0500,
0.1,183,1,26,up,0.2693512080004439,None,26,1,183,5,235.11119324999163,,,,235.10537829098757,235.25963012501597,235.75885766599094,235.8418520410196,235.8418520410196,236.12437758297892,up,0.2693512080004439,None,demo,001,2025-01-16_21h16.39.043,method_of_constant_stimuli,2024.2.4,None,2025-01-16 21h16.45.421908 -0500,
0.0,184,2,26,down,0.5870321250404231,None,26,2,184,0,236.1303728329949,,,,236.12503887497587,236.2397006659885,236.73744262498803,236.87097779102623,236.87097779102623,237.45990949997213,down,0.5870321250404231,None,demo,001,2025-01-16_21h16.39.043,method_of_constant_stimuli,2024.2.4,None,2025-01-16 21h16.45.421908 -0500,
0.01,185,3,26,up,0.28391204198123887,None,26,3,185,4,237.4705624160124,,,,237.46090758300852,237.6212245830102,238.10813279100694,238.2091116249794,238.2091116249794,238.5048578749993,up,0.28391204198123887,None,demo,001,2025-01-16_21h16.39.043,method_of_constant_stimuli,2024.2.4,None,2025-01-16 21h16.45.421908 -0500,
0.0001,186,4,26,down,0.5427924580289982,None,26,4,186,2,238.5100094579975,,,,238.50539516599383,238.6435897910269,239.13858079101192,239.25725879101083,239.25725879101083,239.8063482909929,down,0.5427924580289982,None,demo,001,2025-01-16_21h16.39.043,method_of_constant_stimuli,2024.2.4,None,2025-01-16 21h16.45.421908 -0500,
0.001,187,5,26,down,0.6399736250168644,None,26,5,187,3,239.82079216599232,,,,239.80696800001897,239.90411708300235,240.3906702909735,240.55400895798812,240.55400895798812,241.2042677910067,down,0.6399736250168644,None,demo,001,2025-01-16_21h16.39.043,method_of_constant_stimuli,2024.2.4,None,2025-01-16 21h16.45.421908 -0500,
0.9,188,6,26,up,0.2508375830366276,None,26,6,188,6,241.2085108750034,,,,241.20480925001903,241.3383448329987,241.837190790975,241.94313729100395,241.94313729100395,242.20700887497514,up,0.2508375830366276,None,demo,001,2025-01-16_21h16.39.043,method_of_constant_stimuli,2024.2.4,None,2025-01-16 21h16.45.421908 -0500,
0.001,189,0,27,down,0.7521012090146542,None,27,0,189,3,242.22084158298094,,,,242.20789770799456,242.35417845798656,242.8398621249944,242.9537953750114,242.9537953750114,243.72385250002844,down,0.7521012090146542,None,demo,001,2025-01-16_21h16.39.043,method_of_constant_stimuli,2024.2.4,None,2025-01-16 21h16.45.421908 -0500,
0.0,190,1,27,up,0.4645884170313366,None,27,1,190,0,243.7374982080073,,,,243.7252667080029,243.85433795797871,244.3400290000136,244.47123229102,244.47123229102,244.9412497910089,up,0.4645884170313366,None,demo,001,2025-01-16_21h16.39.043,method_of_constant_stimuli,2024.2.4,None,2025-01-16 21h16.45.421908 -0500,
0.0001,191,2,27,down,0.46811779198469594,None,27,2,191,2,244.94909966597334,,,,244.9431613329798,245.05991266597994,245.55847799999174,245.69370679097483,245.69370679097483,246.1727023749845,down,0.46811779198469594,None,demo,001,2025-01-16_21h16.39.043,method_of_constant_stimuli,2024.2.4,None,2025-01-16 21h16.45.421908 -0500,
0.1,192,3,27,up,0.3382997089647688,None,27,3,192,5,246.1796989159775,,,,246.17431629099883,246.30431008298183,246.80485845799558,246.92051133298082,246.92051133298082,247.2738411250175,up,0.3382997089647688,None,demo,001,2025-01-16_21h16.39.043,method_of_constant_stimuli,2024.2.4,None,2025-01-16 21h16.45.421908 -0500,
0.9,193,4,27,up,0.5387532080058008,None,27,4,193,6,247.28756279102527,,,,247.27454933297122,247.40428733301815,247.89209787501022,248.02100299997255,248.02100299997255,248.57217645802302,up,0.5387532080058008,None,demo,001,2025-01-16_21h16.39.043,method_of_constant_stimuli,2024.2.4,None,2025-01-16 21h16.45.421908 -0500,
0.01,194,5,27,up,0.3468012909870595,None,27,5,194,4,248.57791137497406,,,,248.57277391600655,248.70410187501693,249.19110674998956,249.32200891600223,249.32200891600223,249.67130966600962,up,0.3468012909870595,None,demo,001,2025-01-16_21h16.39.043,method_of_constant_stimuli,2024.2.4,None,2025-01-16 21h16.45.421908 -0500,
1e-05,195,6,27,down,0.3992687079589814,None,27,6,195,1,249.67669491597917,,,,249.67191358300624,249.7937709580292,250.29250795801636,250.4093920000014,250.4093920000014,250.82133374997647,down,0.3992687079589814,None,demo,001,2025-01-16_21h16.39.043,method_of_constant_stimuli,2024.2.4,None,2025-01-16 21h16.45.421908 -0500,
0.1,196,0,28,up,0.20993866596836597,None,28,0,196,5,250.82705262501258,,,,250.82193058298435,250.97053304099245,251.45814312499715,251.55983262497466,251.55983262497466,251.7719335409929,up,0.20993866596836597,None,demo,001,2025-01-16_21h16.39.043,method_of_constant_stimuli,2024.2.4,None,2025-01-16 21h16.45.421908 -0500,
0.0001,197,1,28,down,0.6282080410164781,None,28,1,197,2,251.77741845801938,,,,251.77258133300347,251.90385724999942,252.3914057079819,252.5204776659957,252.5204776659957,253.1564018750214,down,0.6282080410164781,None,demo,001,2025-01-16_21h16.39.043,method_of_constant_stimuli,2024.2.4,None,2025-01-16 21h16.45.421908 -0500,
0.9,198,2,28,up,0.12953362497501075,None,28,2,198,6,253.16404429101385,,,,253.15789337502792,253.27053583302768,253.75639091600897,253.90419354097685,253.90419354097685,254.03894387499895,up,0.12953362497501075,None,demo,001,2025-01-16_21h16.39.043,method_of_constant_stimuli,2024.2.4,None,2025-01-16 21h16.45.421908 -0500,
0.01,199,3,28,up,0.6192104590008967,None,28,3,199,4,254.04466837499058,,,,254.03963508299785,254.14427116600564,254.6394542910275,254.788399416022,254.788399416022,255.41017454100074,up,0.6192104590008967,None,demo,001,2025-01-16_21h16.39.043,method_of_constant_stimuli,2024.2.4,None,2025-01-16 21h16.45.421908 -0500,
0.001,200,4,28,down,0.4269049589638598,None,28,4,200,3,255.42044199997326,,,,255.41090516600525,255.54363149998244,256.0418168330216,256.15868816600414,256.15868816600414,256.58977883297484,down,0.4269049589638598,None,demo,001,2025-01-16_21h16.39.043,method_of_constant_stimuli,2024.2.4,None,2025-01-16 21h16.45.421908 -0500,
1e-05,201,5,28,down,0.8600897080032155,None,28,5,201,1,256.59602929098764,,,,256.590801540995,256.72737645800225,257.2211032080231,257.33753966598306,257.33753966598306,258.2062141660135,down,0.8600897080032155,None,demo,001,2025-01-16_21h16.39.043,method_of_constant_stimuli,2024.2.4,None,2025-01-16 21h16.45.421908 -0500,
0.0,202,6,28,down,0.45099337497958913,None,28,6,202,0,258.212878499995,,,,258.2074010409997,258.3273411249975,258.8210090830107,258.95452687499346,258.95452687499346,259.4099574579741,down,0.45099337497958913,None,demo,001,2025-01-16_21h16.39.043,method_of_constant_stimuli,2024.2.4,None,2025-01-16 21h16.45.421908 -0500,
0.0,203,0,29,down,0.9533347499673255,None,29,0,203,0,259.42056920798495,,,,259.41060908301733,259.5376004159916,260.0247797080083,260.154083625006,260.154083625006,261.12406033300795,down,0.9533347499673255,None,demo,001,2025-01-16_21h16.39.043,method_of_constant_stimuli,2024.2.4,None,2025-01-16 21h16.45.421908 -0500,
0.001,204,1,29,down,0.726467041997239,None,29,1,204,3,261.1375014159712,,,,261.1255071249907,261.2432658330072,261.7417505829944,261.8709178750287,261.8709178750287,262.6055106659769,down,0.726467041997239,None,demo,001,2025-01-16_21h16.39.043,method_of_constant_stimuli,2024.2.4,None,2025-01-16 21h16.45.421908 -0500,
0.0001,205,2,29,down,0.6672057499527,None,29,2,205,2,262.6209097080282,,,,262.6060821660212,262.74509029102046,263.2425191249931,263.35416316601913,263.35416316601913,264.02615325001534,down,0.6672057499527,None,demo,001,2025-01-16_21h16.39.043,method_of_constant_stimuli,2024.2.4,None,2025-01-16 21h16.45.421908 -0500,
0.1,206,3,29,up,0.39711299998452887,None,29,3,206,5,264.0327685410157,,,,264.02741329098353,264.1933019999997,264.7041956660105,264.7742834999808,264.7742834999808,265.1768511250266,up,0.39711299998452887,None,demo,001,2025-01-16_21h16.39.043,method_of_constant_stimuli,2024.2.4,None,2025-01-16 21h16.45.421908 -0500,
0.01,207,4,29,up,0.35280812496785074,None,29,4,207,4,265.1870939999935,,,,265.1778094160254,265.32856212498154,265.8259387500002,265.92151229101,265.92151229101,266.2779389159987,up,0.35280812496785074,None,demo,001,2025-01-16_21h16.39.043,method_of_constant_stimuli,2024.2.4,None,2025-01-16 21h16.45.421908 -0500,
0.9,208,5,29,up,0.2753826670232229,None,29,5,208,6,266.28711724997265,,,,266.2786020829808,266.4265162909869,266.9215577910072,267.02896166598657,267.02896166598657,267.30649708298733,up,0.2753826670232229,None,demo,001,2025-01-16_21h16.39.043,method_of_constant_stimuli,2024.2.4,None,2025-01-16 21h16.45.421908 -0500,
1e-05,209,6,29,down,0.4326007079798728,None,29,6,209,1,267.3204539580038,,,,267.30709062499227,267.46171104098903,267.9595594999846,268.0538401249796,268.0538401249796,268.48977554100566,down,0.4326007079798728,None,demo,001,2025-01-16_21h16.39.043,method_of_constant_stimuli,2024.2.4,None,2025-01-16 21h16.45.421908 -0500,
